"email","fname","lname","message"
"baratamamrutha04%40gmail.com","TRIVICKRAM","BARATAM","Test"
"trivickrambaratam%40gmail.com","Vikam","Baratam","fewf"
"arjun@gmail.com","Arjun","G","Hello Mawa"
"Venni%40gmail.com","Venni","Machireddy","%F0%9F%8C%9F%F0%9F%8C%9F"
"vainateyakakara%40gmail.com","Vainateya","Kakara","Hello"
"rahulbommu123%40gmail.com","Rahul","Krishna","%0D%0AHi"
"mallikarjunamalli11761%40gmail.com","Mallikarjuna","Gopanapalli","Hii"